{
    "accuracy": 0.7398843930635838,
    "precision": 0.7980049875311721,
    "recall": 0.6286836935166994,
    "auc-score": 0.8265233360939758
}
