{
    "accuracy": 0.7633734939759036,
    "precision": 0.7847826086956522,
    "recall": 0.7113300492610838,
    "auc-score": 0.8523315363881401
}
